走势：你打开走势图看到的就是走势。走势分不同级别。	17	L17:154	TOKEN	1
走势是分级别的，在 30 分钟上的上涨，可能在日线图上只是盘整的一段，甚至是下跌中的反弹，所以抛开级别前提而谈论趋势与盘整是毫无意义的	16	L16:5-6	TOKEN	1
包括 N 中工在内内的所有走势，都都应该受到法律保护	None	L3:34	INSERT	1
走势类型：上涨、下跌、盘整。	17	L17:155	TOKEN	2
任何级别的所有走势，都能分解成趋势与盘整两类，而趋势又分为上涨与下跌两类。	17	L17:3	TOKEN	1
5 分钟走势类型，必须包含也最多包含 5 分钟级别中枢	35	L35:32	TOKEN	1
上涨、下跌、盘整三种基本走势，有六种组合可能代表着三类不同的走势：	16	L16:9	TOKEN	2
陷阱式：上涨+下跌；下跌+上涨。	16	L16:10	TOKEN	2
反转式：上涨+盘整+下跌；下跌+盘整+上涨。	16	L16:13	TOKEN	2
中继式：上涨+盘整+上涨；下跌+盘整+下跌。	16	L16:14	TOKEN	2
市场的走势，都可能通过这三类走势得以分解和研究。	16	L16:15	TOKEN	1
如果①没有走势类型，中枢也无法定义；②而没有中枢，走势也无法分出类型。如果理论就此打住，那么一个循环定义就不可避免。要解决该循环，③级别的概念是不可缺少的。	35	L35:7-8	TOKEN	1
1、上涨：最近一个高点比前一高点高，且最近一个低点比前一低点高。2、下跌：最近一个高点比前一高点低，且最近一个低点比前一低点低。	15	L15:13-14	TOKEN	1
某完成的走势类型至少包含两个以上依次同向的缠中说禅走势中枢，就称为该级别的缠中说禅趋势。该中枢方向向上就称为上涨，该中枢方向向下就称为下跌。	17	L17:37-38	TOKEN	1
用高点比高点低、低点比低点低来定义下跌，这算是下跌，但用最精确的中枢来定义，这不构成下跌，只是一个中枢的复杂延伸构成，没有两个中枢。	25	L25:103-104	TOKEN	1
3、盘整：①最近一个高点比前一高点高，且最近一个低点比前一低点低；②或者最近一个高点比前一高点低，且最近一个低点比前一低点高。	15	L15:15-17	TOKEN	1
缠中说禅盘整：在任何级别的任何走势中，某完成的走势类型只包含一个缠中说禅走势中枢，就称为该级别的缠中说禅盘整。	17	L17:36	TOKEN	1
注意！中枢和盘整不是一回事情。当然，因为盘整只有一个中枢，所以很容易搞混。	19	L19:116	TOKEN	1
中枢和盘整根本就是两个不同层次的东西	25	L25:247	TOKEN	1
上涨、下跌构成趋势	16	L16:3	TOKEN	1
缠中说禅趋势：在任何级别的任何走势中，某完成的走势类型至少包含两个以上依次同向的缠中说禅走势中枢，就称为该级别的缠中说禅趋势。该中枢方向向上就称为上涨，该中枢方向向下就称为下跌。	17	L17:37-38	TOKEN	1
注意！趋势中的缠中说禅走势中枢之间必须绝对不存在重叠。	18	L18:18	TOKEN	1
该中枢方向向上	17	L17:38	TOKEN	2
该方向向上就称为上涨，向下就称为下跌	None	L17:160	INSERT	1
这“两个以上依次同向的缠中说禅走势中枢”是否必须是连续的？	17	L17:191	TOKEN	1
当然要连续。	None	L17:193	INSERT	1
一、只有一个中枢：这种走势，是典型的平衡市	46	L46:10-11	TOKEN	1
重叠部分当成一个每天走势上的一个中枢	None	L46:8	INSERT	1
任何一天的走势，无非只有三类：一、只有一个中枢；二、两个中枢；三、没有中枢，其力度依次趋强。	46	L46:8-9	TOKEN	1
1.1、在前三根 30 分钟 K 线出现当天高点：这可以称为弱平衡市	46	L46:13	TOKEN	1
1.2、在前三根 30 分钟 K 线出现当天低点：这可以称为强平衡市	46	L46:18	TOKEN	1
1.3、在前三根 30 分钟 K 线不出现当天高低点：这可以称为转折平衡市	46	L46:26	TOKEN	1
其力度依次趋强	None	L46:9	INSERT	1
最多就是一个弱的平衡市	47	L47:23	TOKEN	1
其中并没有定义中枢的方向。但是趋势的定义却是在任何级别的任何走势中，某完成的走势类型至少包含两个以上依次同向的走势中枢。	25	L25:178-179	TOKEN	1
怎么会没有？只要有重叠就有，如果没有重叠，那是中枢没形成，例如一路涨停的股票，就是一分钟中枢的不断新生，但不构成任何 5 分钟的中枢，直到打开。	None	L25:182-183	INSERT	1
向上或向下中枢	17	L17:350-351	TOKEN	1
明白就好	None	L17:352	INSERT	1
某级别走势类型中，被至少三个连续次级别走势类型所重叠的部分，称为缠中说禅走势中枢。	17	L17:29	TOKEN	1
对最后不能分解的级别，其缠中说禅走势中枢就不能用“至少三个连续次级别走势类型所重叠”定义，而定义为至少三个该级别单位 K 线重叠部分。	17	L17:31-32	TOKEN	1
关键是这几词：三个、连续、次级别、重叠。	17	L17:136	TOKEN	1
一字线构成的就是最低级别的价值中枢。	19	L19:83	TOKEN	1
如果你把 1 分钟当最低的，那就是 3 根 K 线重合部分就是 1 分钟的中枢	29	L29:120	TOKEN	1
中枢是一个确认的概念，必须两次向一个位置的确认才构成中枢	24	L24:199	TOKEN	1
某级别走势类型中，被至少三个连续次级别走势类型所重叠	17	L17:29	TOKEN	6
某级别类型走势中，被至少三个连续次级别类型走势所重叠	17	L17:108	TOKEN	1
由于现在没说到走势中枢的概念，所以有关趋势与盘整的最严格定义没法给出	16	L16:129	TOKEN	1
关键是级别，任何一个回调必然在某级别产生中枢，不谈级别光谈中枢没有任何意义。	19	L19:187	TOKEN	1
中枢区间	19	L19:302	TOKEN	6
严格的公式可以这样表示：走势类型 A、B、C，分别的高、低点是 a1\a2，b1\b2，c1\c2。则，中枢的区间就是（max（a2，b2，c2)，min（a1，b1，c1))。	17	L17:245-246	TOKEN	1
显然，[ZD，ZG]就是缠中说禅走势中枢的区间	20	L20:72	TOKEN	1
但无论是哪种情况，中枢的公式都可以简化为[max(a2，c2)，min(a1，c1)]。	20	L20:47	TOKEN	1
对於第一种(回升)有 a1=b1，b2=c2	None	L20:45	INSERT	1
对於第二种(回调)有 a2=b2，b1=c1	None	L20:46	INSERT	1
特别地，再定义 ZG=min(g1、g2)，ZD=max(d1、d2)。	20	L20:71	TOKEN	1
在中枢的形成与延伸中，中枢由与中枢形成方向一致的次级别走势类型的区间重叠确定。	20	L20:48	TOKEN	1
定义四个指标：GG=max(gn)，G=min(gn)，D=max(dn)，DD=min(dn)，n 遍历中枢中所有 Zn。	20	L20:70	TOKEN	1
n 遍历中枢中所有 Zn	None	L20:70	INSERT	1
为方便起见，以后都把这些与中枢方向一致的次级别走势类型称为 Z 走势段，按中枢中的时间顺序，分别记为 Zn 等，而相应的高、低点分别记为 gn、dn。	20	L20:69	TOKEN	1
“缠中说禅走势中枢定理一”：在趋势中，连接两个同级别“缠中说禅走势中枢”的必然是次级别或次级别以下级别的走势类型。	18	L18:54	TOKEN	1
“次级别以下”是否包括次级别在内？	19	L19:115	TOKEN	1
当然包括。	None	L19:116	INSERT	1
任何走势类型都可能，最极端的就是跳空缺口后形成新的“缠中说禅走势中枢”	18	L18:57	TOKEN	2
“缠中说禅走势中枢定理一”：在趋势中，连接两个同级别“缠中说禅走势中枢”的必然是次级别以下级别的走势类型。	19	L19:68	TOKEN	1
是否包括次级别	19	L19:115	TOKEN	1
“缠中说禅走势中枢定理二”：在盘整中，无论是离开还是返回“缠中说禅走势中枢”的走势类型，必然是次级别或次级别以下的走势类型。	18	L18:69	TOKEN	1
维持“缠中说禅走势中枢”的一个充分必要条件，就是任何一个离开该中枢的走势类型，都必须是次级别或次级别以下的走势类型，并以次级别或次级别以下的走势类型返回。	18	L18:64-65	TOKEN	1
某级别“缠中说禅走势中枢”的破坏，当且仅当一个次级别走势类型离开该“缠中说禅走势中枢”后，其后的次级别走势类型回抽不重新回到该“缠中说禅走势中枢”内。	18	L18:83-84	TOKEN	1
这定理三中的两个次级别走势的组合只有三种：趋势+盘整，趋势+反趋势，盘整+反趋势。	18	L18:85	TOKEN	4
而站在实用的角度，最有力的中枢破坏，就是：趋势+盘整。	None	L18:87	INSERT	1
由中枢定理一，可以得到第三类买卖点定理	20	L20:154	TOKEN	1
缠中说禅走势中枢中心定理一：走势中枢的延伸等价於任意区间[dn，gn]与[ZD，ZG]有重叠。	20	L20:73	TOKEN	2
换言之，若有 Zn，使得 dn>ZG 或 gn<ZD，则必然产生高级别的走势中枢，或趋势，及中枢延续。	20	L20:74	TOKEN	1
则必然产生高级别的走势中枢或趋势及延续。	23	L23:85	TOKEN	1
或趋势，及中枢延续	20	L20:74	TOKEN	1
或趋势及延续	23	L23:85	TOKEN	1
缠中说禅走势中枢中心定理二：①前后同级别的两个缠中说禅走势中枢，后 GG〈前 DD 等价於下跌及其延续；②前后同级别的两个缠中说禅走势中枢，后 DD〉前 GG 等价於上涨及其延续。③前后同级别的两个缠中说禅走势中枢，后 ZG<前 ZD 且后 GG〉=前 DD，则等价於形成高级别的走势中枢。④前后同级别的两个缠中说禅走势中枢，后 ZD〉前 ZG 且后 DD=<前 GG，则等价於形成高级别的走势中枢。	20	L20:98-102	TOKEN	1
等价於下跌及其延续	20	L20:99	TOKEN	1
等价於上涨及其延续	None	L20:100	INSERT	1
或趋势，及中枢延续	None	L20:74	INSERT	1
或趋势及延续	23	L23:85	TOKEN	1
就 24 日到 31 日而言，就是一个中枢符合条件 ZD〉前 ZG 且后 DD=<前 GG。	26	L26:178	TOKEN	1
A、立刻涨停与连续涨停与中枢延伸的关系	20	L20:15	TOKEN	1
走势中枢的延伸等价於任意区间[dn，gn]与[ZD，ZG]有重叠。	20	L20:73	TOKEN	2
换言之，走势中枢的延伸与不断产生新的走势中枢并相应围绕波动互不重叠而形成趋势，在这两种情况下，一定不可能形成更大级别的走势中枢。	20	L20:23	TOKEN	1
中枢的延续、扩展、新生之间的区别是很细微的	23	L23:52	TOKEN	1
级别扩张	20	L20:2	TOKEN	2
缠中说禅走势中枢级别扩张及第三类买卖点	20	L20:2	TOKEN	1
中枢扩张	21	L21:40	TOKEN	13
③前后同级别的两个缠中说禅走势中枢，后 ZG<前 ZD 且后 GG〉=前 DD，则等价於形成高级别的走势中枢。	20	L20:101	TOKEN	1
而要形成一个更大级别的走势中枢，必然要采取第三种的方式。就是围绕新的同级别走势中枢产生后的波动，与围绕前中枢的某个波动区间产生重叠。	20	L20:25-26	TOKEN	1
不是中枢的延伸，就是中枢的扩展，也就是产生高级别的走势中枢；或者中枢的新生，就是趋势及延续。	23	L23:87	TOKEN	1
中枢扩展有精确的数学定义，在一个中枢还延伸的时候，只有一个中枢，不存在中枢 1、2 的问题。	30	L30:108	TOKEN	1
有精确的数学定义	None	L30:108	INSERT	1
前面有关於中枢延伸的标准定义，中枢是否延伸、扩展，有标准的数学公式的，自己好好找找	29	L29:153-154	TOKEN	1
其程序都有严格的定义	32	L32:54	TOKEN	1
通过结合律，都可以把归到你说的这种标准形式上	52	L52:90	TOKEN	1
或者中枢的新生，就是趋势及延续。	23	L23:87	TOKEN	1
还有些特殊的中枢震荡，会出现扩张的情况，就是比前一个的力度还要大	48	L49:29	INSERT-改挂	1
c 的力度比 b 大则新生中枢 C	None	L48:109	INSERT	1
及其延续	None	L20:99	INSERT	1
其运转的模式，归根结底，就是不同级别的中枢震荡，与中枢移动的组合	55	L55:46	TOKEN	1
这只是第三类卖点后向一个新的同级中枢移动或形成更高级别中枢的一个中间状态	54	L54:31	TOKEN	1
中枢移动结束的时候的对策：直到中枢上移结束，就意味着进入一个较大的调整	25	L25:26	TOKEN	1
在一个大级别的中枢下移中，这样，一个小级别的第三类卖点，其意义就是这卖点是否让大级别中枢的下移继续	86	L86:18	TOKEN	1
注意，站在严格意义上，线段以下是没有中枢的，所以说是类中枢	64	L64:31-32	TOKEN	1
后面有两种变化，就是转大级别类中枢，或类中枢移动直到形成新类中枢为止。	64	L64:32	TOKEN	1
因为后面必然形成下上下的重叠结构，也就是有一个小中枢了，而线段以下级别的同级别操作，是不参与这类中枢的。	60	L60:35	TOKEN	1
2245 到 998 点是线段的类中枢	69	L69:27	TOKEN	1
缠中说禅走势级别延续定理一：在更大级别缠中说禅走势中枢产生前，该级别走势类型将延续。也就是说，只能是只具有该级别缠中说禅走势中枢的盘整或趋势的延续。	20	L20:28-29	TOKEN	1
根据缠中说禅走势级别延续定理一：在更大级别缠中说禅走势中枢产生前，该级别走势类型将延续。	26	L26:196	TOKEN	1
缠中说禅走势级别延续定理二：更大级别缠中说禅走势中枢产生，当且仅当围绕连续两个同级别缠中说禅走势中枢产生的波动区间，产生重叠。	20	L20:37	TOKEN	1
而要形成一个更大级别的走势中枢，必然要采取第三种的方式。就是围绕新的同级别走势中枢产生后的波动，与围绕前中枢的某个波动区间产生重叠。	20	L20:25-26	TOKEN	1
连续两个	None	L20:37	INSERT	1
因为高高点、低点是有其级别的	15	L15:18-19	TOKEN	1
走势是分级别的	16	L16:5	TOKEN	2
有了级别，一个严格的递归式定义才可以展开。	35	L35:9	TOKEN	1
什么级别的图和什么级别的中枢没有任何必然关系，走势类型以及中枢就如同显微镜下的观察物，是客观存在的	63	L63:17	TOKEN	1
而级别的图，就如同显微镜，不同倍数的看这客观的图就看到不同的精细程度，如此而已。	None	L63:18	INSERT	1
级别，本质上与时间无关，级别也不是什么时间结构。级别，只是按照本 ID 的规则，自生长出来的一种分类方法。	84	L84:75-76	TOKEN	1
在这种情况下，就可以不大严格地说，三个连续 1 分钟走势类型的重叠构成 5 分钟的中枢	35	L35:25-26	TOKEN	1
在实际操作上，这种不大严格的说法不会产生任何原则性的问题	None	L35:26	INSERT	1
用 1 分钟、5 分钟、30 分钟、日线、周线、月线、季线、年线等的级别安排，只是一个简略的方式	33	L33:21	TOKEN	1
级别在本 ID 理论中就极端关键了	102	L102:14	TOKEN	1
因为本 ID 理论中的递归函数是有级别的，是级别依次升大的。	102	L102:15	TOKEN	1
从 1 分钟一直到年，对应着 8 个级别，其实，这些级别的名字是可以随意取的	102	L102:20	TOKEN	1
任何走势，都可以唯一地表示为 a1A1+a5A5+a30A30 的形式。	102	L102:25	TOKEN	1
而级别的存在，一个必然的结论就是，任何高级别的改变都必须先从低级别开始。	102	L102:26	TOKEN	1
第三类买点就是次次级别的第一类买点。	23	L23:95	TOKEN	1
对最后不能分解的级别，其缠中说禅走势中枢就不能用“至少三个连续次级别走势类型所重叠”定义，而定义为至少三个该级别单位 K 线重叠部分。	17	L17:31-32	TOKEN	1
对日线中枢来说，次级别是 30 分钟，而次级别的完成，需要再次级别，也就是 5 分钟图上呈现 3 段走势类型。	20	L20:208-209	TOKEN	1
不大严格的说法	35	L35:26	TOKEN	1
“次级别以下”是否包括次级别在内？	19	L19:115	TOKEN	1
当然包括。	None	L19:116	INSERT	1
一字线构成的就是最低级别的价值中枢。	19	L19:83	TOKEN	1
所谓的最低级别，就如量子力学的量子概念，物理世界不是想当然地无限连续的，而市场的交易同样如此。最严格去定义，每笔的交易是最低级别的，连续三笔相同价位的交易，就构成最低级别的中枢。	35	L35:10-11	TOKEN	1
如果你把 1 分钟当最低的，那就是 3 根 K 线重合部分就是 1 分钟的中枢，当然，如果你把每笔成交当最低的，那就另算了。	29	L29:120	TOKEN	1
纯理论上的，这 a0 就是从每一分笔的成交开始的，但这没有实际可操作性，所以，就要用分型、笔、线段来确认这个 a0。	65	L65:153-154	TOKEN	1
分型只是中枢与走势级别递归定义的一个启始程序，甚至可以说，并不是本 ID 理论中必然需要的东西	84	L84:61	TOKEN	1
关於第 1 条，其实，可以随意设置任何的，都不会改变中枢定义的递归性。	84	L84:68	TOKEN	1
这里有一个递归的问题	17	L17:30	TOKEN	1
一般的递归定义，由两部分组成：1、f1(a0)=a1；2、f2(an)=an+1；	84	L84:65-67	TOKEN	1
中枢其实是一个典型的递归，也就是最低的 A0=？，An+1F(An)，明白这个数学式，就明白各级别中枢的定义了。	29	L29:157	TOKEN	1
中枢是可以递归式地定义出来的，而该定义是可操作性的，该定义实际上是如何找出中枢的一种方法	63	L63:9	TOKEN	1
其存在性由上面所说最原始的递归定义保证	None	L63:17-18	INSERT	1
关於第 2 条的中枢过程规则，是一直没有任何改变的，而关於第 1 条，其实，可以随意设置任何的，都不会改变中枢定义的递归性。	84	L84:68	TOKEN	1
明白数学中递归定义的实质，就知道对 a0 是如何定义，并不影响 an+1=f(an)的函数定义。	37	L37:54-55	TOKEN	1
唯一分解	102	L102:3	TOKEN	2
分型等於递归函数的a0，这完全可以随意设计，如何设计都不会影响到唯一分解定理的证明。	101	L101:32-33	TOKEN	1
但现在这种设计，一定是所有可能设计中最好的，这使得笔出现的可能性最大并把最多的偶然因数给消除了，使得实际的操作中更容易把走势分解。	101	L101:34-35	TOKEN	1
本 ID 的理论给出的递归函数，完美地给出市场走势一个类似记数法一样的唯一分解	102	L102:10	TOKEN	1
任何走势，都可以在这些级别构成的分解中唯一地表达。	102	L102:22	TOKEN	1
由上可得到“缠中说禅技术分析基本原理一”：任何级别的任何走势类型终要完成。后面一句用更简练的话，就是“走势终完美”。	17	L17:9	TOKEN	1
“所有级别的走势都能分解成趋势与盘整”是“不患”的，是无位次的，而“走势类型终要完成”的“走势终完美”以“所有级别的走势都能分解成趋势与盘整”的无位次而位次之，而“患”之。	17	L17:12-13	TOKEN	1
走势必完美意味着，任何一个走势图形的完成，必须至少包含三个以上的次级别趋走势类型。	22	L22:233-234	TOKEN	1
走势必完美是针对中枢必然形成说的，任何级别都不存在永远不形成中枢的走势，任何走势最终都必然形成某个走势类型或者它们的叠加。	31	L31:253-254	TOKEN	1
所谓走势必完美，就是本 ID 所给出的分型、笔、线段、不同级别走势类型所对应的递归函数，能将行情的任何走势唯一地分解。	101	L101:26	TOKEN	1
“缠中说禅技术分析基本原理一”：任何级别的任何走势类型终要完成。	18	L18:20	TOKEN	2
次级别趋走势类型	22	L22:233-234	TOKEN	1
走势必完美是第一原理，搞不清这一点，其他都很难搞清楚。	23	L23:56	TOKEN	1
因为走势必完美对应的是一种最特殊、最强有力的唯一分解	102	L102:3-4	TOKEN	1
本 ID 的理论给出的递归函数，完美地给出市场走势一个类似记数法一样的唯一分解	102	L102:10	TOKEN	1
这才是走势必完美真正关键的地方。	102	L102:12-13	TOKEN	1
区间套的方法，就是走势必完美的一个重要的应用。	102	L102:18	TOKEN	1
分型、走势类型的本质就是自相似性，同样，走势必完美的本质也就是自相似性。	81	L81:30	TOKEN	1
自相似性还有一个最重要的特点，就是自相似性可以自组出级别来。	81	L81:33	TOKEN	1
级别是自相似性自组出来的，或者说是生长出来的	81	L81:34	TOKEN	1
注意！自同构性结构，在前面不太精确地用了自相似性结构之类的词语，这很容易和数学里的分形以及利用这种先验性理论构造的理论中的一些术语相混淆，所以以后都统一为自同构性结构。	84	L84:6-7	TOKEN	1
而一些具有自相似性的结构，就正好是窥测市场心理的科学仪器。	82	L82:4	TOKEN	1
本 ID 的理论上还有一个暂时没有解决的问题，就是走势中究竟可以容纳多少自相似性结构	81	L81:49	TOKEN	1
注意！分型不是分形，分形理论，是数学的一个分支	82	L82:5	TOKEN	1
这里，本 ID 必须强调一次，分型与分形有着本质的不同，	84	L84:57	TOKEN	1
本 ID 所说的分型，是建立在一个 K 线组合的纯粹分类的基础上，任何与这个纯粹分类不同的，都必然是错误的，这一点必须明白。	84	L84:58	TOKEN	1
有多少不同构的自相似性结构，就有多少种分析股市的正确道路，任何脱离自相似性的股市分析方法，本质上都是错误的。	81	L81:44-45	TOKEN	1
“缠中说禅技术分析基本原理二”：任何级别任何完成的走势类型，必然包含一个以上的缠中说禅走势中枢。	17	L17:44	TOKEN	2
这里探讨走势的一般情况，其前提就是该走势可以不断延续下去，不存在永远取消交易的情况	17	L17:43	TOKEN	1
因为任何图形上的“向上+向下+向上”或“向下+向上+向下”都必然产生某一级别的缠中说禅走势中枢。	17	L17:39-40	TOKEN	1
“缠中说禅走势分解定理一”：任何级别的任何走势，都可以分解成同级别“盘整”、“下跌”与“上涨”三种走势类型的连接。	17	L17:46	TOKEN	2
学过一点抽象代数的都容易理解上面的话，用抽象的话说，就是走势类型连接这种运算是符合结合律的。	35	L35:42	TOKEN	1
根据“缠中说禅走势分解定理”，同级别分解具有唯一性	38	L38:14-15	TOKEN	1
“缠中说禅走势分解定理二”：任何级别的任何走势类型，都至少由三段以上次级别走势类型构成。	17	L17:47	TOKEN	2
a+B+b=a+B1+B2+B3+b=(a+B1)+B2+(B3+b)	35	L35:40	TOKEN	1
缠中说禅走势类型分解原则：一个某级别的走势类型中，不可能出现比该级别更大的中枢，一旦出现，就证明这不是一个某级别的走势类型，而是更大级别走势类型的一部分或几个该级别走势类型的连接。	43	L43:46-47	TOKEN	1
②至於小级别背驰引发大级别转折的情况，这种情况比较复杂，但分解的原则是一致的，就是：	43	L43:45	TOKEN	1
这里，把上面第二种情况下的分解可能分析如下：	43	L43:48	TOKEN	1
而由於走势必完美，所以走势就是可以完全分类的，而所有的分类，都有明确的界限	102	L102:30	TOKEN	1
首先，要给缺口一个明确的定义，这定义是有利於分类的，只有明确的定义才有明确的完全分类。	77	L77:8	TOKEN	1
而本 ID 的分型定义，源自 K 线组合的一个完全分类，是一个纯理论的推导。	84	L84:22	TOKEN	1
但完全的分类，不是单层次的，一定也必须是多层次的。本 ID 的理论最重要的特点之一，就是自然给出了分类的层次，也就是不同的自然形成的级别。	100	L100:10-11	TOKEN	1
不同的级别，有不同的完全分类，而综合起来，就有了一个立体的完全分类的系统，这才是我们的操作必须依赖的。	100	L100:11-12	TOKEN	1
因此，这三层次构成的完全分类就给出了最完美的操作指示。	100	L100:20	TOKEN	1
注意，完全分类是级别性的，是有明确点位界限的。	102	L102:32	TOKEN	1
最关键的是找到某种方式实现完全分类，说得专业点，就是具备某种等价关系。	102	L102:28-29	TOKEN	1
至於分解这市场的那个标准是什么并不重要，也就是分类的原则并不重要，关键这分类能导致完全分类就行了。	105	L105:7	TOKEN	1
本 ID 的理论完全是数量化的，因此而就是精确化的，里面不存在任何含糊的地方。	102	L102:32-33	TOKEN	1
例如，还是一个 5 分钟的下跌，那至少有两个中枢，整个下跌，最一般的情况就是 a+A+b+B+c，其中的 a\b\c，其级别最多就是 1 分钟级别的，甚至最极端的情况，可以就是一个缺口。	29	L29:43-44	TOKEN	1
如果都按 1 分钟级别的走势类型来计量，而且不妨假设 a\b\c 都是 1 分钟的走势类型，那么 a+A+b+B+c 就有 9 个 1 分钟的走势类型。	29	L29:44-45	TOKEN	1
而 A、B，由於是 5 分钟级别的中枢，那至少由 3 段 1 分钟的走势类型构成	29	L29:44	TOKEN	1
同级别分解	24	L24:159	TOKEN	10
所谓同级别分解，就是把所有走势按一固定级别的走势类型进行分解。	38	L38:14	TOKEN	1
根据“缠中说禅走势分解定理”，同级别分解具有唯一性，不存在任何含糊乱分解的可能。	38	L38:14-15	TOKEN	1
在这种同级别的分解中，是不需要中枢延伸或扩展的概念的	38	L38:19	TOKEN	1
A、在某级别中，不定义中枢延伸，允许该级别上的盘整+盘整连接；B、与此同时，规定该级别以下的所有级别，都允许中枢延伸，不允许盘整+盘整连接；C、至於该级别以上级别，根本不考虑	38	L38:33-35	TOKEN	1
同级别分解，不允许盘整里的中枢延伸，因此 3 段次级别就是了，不存在任意的问题。	41	L41:84	TOKEN	1
一个 30 分钟的趋势，如果有 N 个 30 分钟的不延伸的中枢，根本不存在被分解的问题，只会被 30 分钟的同级别分解看成一个趋势。	42	L42:78	TOKEN	1
以前说不允许“盘整+盘整”是在非同级别分解方式下的	38	L38:22	TOKEN	1
如果一定要按 30 分钟级别来进行同级别分解，那么该分解点就是那 1 分钟的背驰点	43	L43:122	TOKEN	2
市场的走势，其实就是这样的多重赋格，看似复杂，其实脉络清晰，可以有机地统一在多层次的同级别分解操作中。	40	L40:38	TOKEN	1
一般情况下，在上面 5 分钟同级别分解的例子中，只要从 A0 开始到某个 At，使得 A0+A1+….+At=B1+B2，后者是 30 分钟级别的同级别分解	40	L40:29-30	TOKEN	1
同级别分解的多重赋格	40	L40:2	TOKEN	1
注意！以前说不允许“盘整+盘整”是在非同级别分解方式下的，这在下面的课中会讲到，所以不要搞混了。	38	L38:22	TOKEN	1
走势类型连接运算的结合性	35	L35:44	TOKEN	2
有了结合律，方向都不是最重要的	24	L24:157	TOKEN	2
学过一点抽象代数的都容易理解上面的话，用抽象的话说，就是走势类型连接这种运算是符合结合律的。	35	L35:42	TOKEN	1
走势类型的连接符合结合律，即 A+B+C=(A+B)+C=A+(B+C)，A、B、C 的走势类型级别可以不同。	36	L36:3-4	TOKEN	1
但走势类型的连接运算不符合交换律	35	L35:42-43	TOKEN	1
结合律是有关本 ID 这理论中最基础的，在 K 线的包含关系中，当然也需要遵守，而包含关系，不符合传递律	65	L65:10	TOKEN	1
本 ID 的理论，就是走势保持结合律下具有变换不变性的一套理论	70	L70:6-7	TOKEN	1
走势的多义性	33	L33:2	TOKEN	1
第一种多义性：中枢延伸导致的走势多义性	None	L33:6	INSERT	1
第二种多义性：因为走势时间框架不同，导致的走势多义性	None	L33:16	INSERT	1
第三种多义性：走势分析中的多种合理释义	None	L33:40	INSERT	1
而所有走势的多义性，都与中枢有关。	33	L33:4-5	TOKEN	1
一般来说，中枢的延伸不能超过 5 段，也就是一旦出现 6 段的延伸，加上形成中枢本身那三段，就构成更大级别的中枢了。	33	L33:9-10	TOKEN	1
虽然已多次强调多义性不是含糊性	38	L38:8	TOKEN	1
如果这 5 分钟次级别延伸出 6 段，那么就当成两个 30 分钟盘整类型的连接，在同级别这种分解中，是允许盘整+盘整情况的。	38	L38:20-21	TOKEN	1
这里最大的也是唯一的难点在于“走势类型的延伸”	18	L18:32	TOKEN	1
例如一个盘整，三个重叠的连续次级别走势类型后，盘整就可以随时完成，也就是说，只要三个重叠的连续次级别走势类型走出来后，盘整随时结束都是完美的，但这也可以不结束，可以不断延伸下去，不断围绕这个缠中说禅中枢，上上下下地延伸下去，直到无穷都是可以的。	None	L18:34-35	INSERT	1
同样，面对趋势，形成两个依次同向的缠中说禅走势中枢后，任何趋势都可以随时结束而完美，但也可以不断地延伸下去，形成更多的中枢。	None	L18:39-40	INSERT	1
由于“走势类型延伸”意味着当下的“走势类型”随时可以完成，因此相应的“类型”必然是确定的，因此“走势类型延伸”是否结束的判断关键，就在于是否产生新的“缠中说禅走势中枢”。	18	L18:49-50	TOKEN	1
如同众生的轮回生死，在死与生之间，有一段被称为中阴身的阶段，股票的走势，同样存在着这个阶段。	88	L88:8	TOKEN	1
如果说前一个走势类型的背驰或盘整背驰宣告了前一个走势类型的死亡，那么到新的走势类型确立，这里有一个模糊的如同中阴般的阶段。	88	L88:8-9	TOKEN	1
中阴阶段，无一例外，都是表现为不同级别的盘整(注意，这是只从截取这一阶段的形态说，并不是说新的走势类型一定是盘整)。	88	L88:44	TOKEN	1
中阴阶段结束后，不一定就是真正的反转，也可以是继续延续前一走势类型的方向，例如上涨+盘整+上涨，这样的结构是完全合理的。	88	L88:49-50	TOKEN	1
注意！只有在这回升的中阴状态下才有第一、二类买点，中阴状态结束后，所有的中枢震荡只存在第三类买卖点以及中枢震荡的买卖点，就不存在第一、二类买卖点了。	101	L101:22-23	TOKEN	1
这里有一个模糊的如同中阴般的阶段	None	L88:9	INSERT	1
在某级别的盘整中，或者说围绕某级别中枢的震荡、延续中，不存在转折的问题，除非站在次级别图形中，才有转折问题的探讨。	29	L29:3	TOKEN	1
还有些特殊的中枢震荡，会出现扩张的情况，就是比前一个的力度还要大，但这并不必然就一定会破坏中枢震荡，最终形成第三类卖点	49	L49:29-30	TOKEN	1
站稳，就会形成中枢震荡的级别扩展，否则还在这级别的中枢里进行延伸。	51	L51:106	TOKEN	1
一个中枢确立后，中枢区间的一半位置，称为震荡中轴 Z。	92	L92:6	TOKEN	1
而每一个次级震荡区间的一半位置，依次用 Zn 表示	92	L92:6	TOKEN	1
震荡的中枢区间是[A，B]，那么，A、Z、B 这三条直线刚好是等距的	None	L92:8	INSERT	1
显然，Zn 在 Z 之上，证明这个震荡是偏强的，反之偏弱。	92	L92:8	TOKEN	1
Zn 的波动连成曲线，构成一个监视中枢震荡的技术指标。	92	L92:8-9	TOKEN	1
Zn 的数量不会过於庞大，不会超过 9 个数据，超过了，次级别就要升级了	92	L92:10-11	TOKEN	1
而对於第三类买卖点，其意义就是对付中枢结束的。	53	L53:48	TOKEN	1
一个级别的中枢结束，无非面对两种情况：a、转成更大的中枢；b、上涨或下跌直到形成新的该级别中枢。	53	L53:49-51	TOKEN	1
由中枢定理一，可以得到第三类买卖点定理：一个次级别走势类型向上离开缠中说禅走势中枢，然后以一个次级别走势类型回试，其低点不跌破 ZG，则构成第三类买点；一个次级别走势类型向下离开缠中说禅走势中枢，然后以一个次级别走势类型回抽，其高点不升破 ZD，则构成第三类卖点。	20	L20:154-156	TOKEN	1
第三类买点是中枢扩张或新生产生的。	21	L21:41	TOKEN	1
第三类买点就是次次级别的第一类买点。	23	L23:95	TOKEN	1
第三类买点和第二类买点在判断上唯一不同的就是，第三类买点的中枢级别比下面突破那中枢要小。	28	L28:237-238	TOKEN	1
其高点不升破 ZD	20	L20:156	TOKEN	2
其低点不升破 ZD	None	L20:205	INSERT	1
其高点不升破 ZD	53	L53:63	TOKEN	2
这种盘整中的类似背驰方法的应用，称为盘整背驰判断。	24	L24:41	TOKEN	1
缠中说禅背驰-转折定理：某级别趋势的背驰将导致：	29	L29:7	TOKEN	1
缠中说禅背驰-转折定理：某级别趋势的背驰将导致该趋势最后一个中枢的级别扩展、或该级别更大级别的盘整、或该级别以上级别的反趋势。	29	L43:6-7	INSERT-改挂	1